﻿{"cameraMode":{"drawMode":0,"name":"Shaded","section":"Shading Mode"},"sceneLighting":false,"audioPlay":false,"sceneViewState":{"showFog":true,"showMaterialUpdate":false,"showSkybox":false,"showFlares":true,"showImageEffects":true,"showParticleSystems":true},"in2DMode":false,"pivot":{"x":11.70263957977295,"y":14.467976570129395,"z":15.595701217651368},"rotation":{"x":-0.23286640644073487,"y":0.6493761539459229,"z":0.2191677987575531,"w":0.6899653673171997},"size":18.875064849853517,"orthographic":false}