﻿{"cameraMode":{"drawMode":0,"name":"Shaded","section":"Shading Mode"},"sceneLighting":false,"audioPlay":false,"sceneViewState":{"showFog":true,"showMaterialUpdate":false,"showSkybox":false,"showFlares":true,"showImageEffects":true,"showParticleSystems":true},"in2DMode":false,"pivot":{"x":0.656007707118988,"y":0.5653397440910339,"z":-0.06482043862342835},"rotation":{"x":0.24628378450870515,"y":0.034012872725725177,"z":-0.008648710325360299,"w":0.9685654044151306},"size":1.334073781967163,"orthographic":false}